Accuracy,F1-Score
0.8605375540490044,0.860108606841286
0.8390457125571629,0.8401429283050253
0.8575305610420114,0.8570039949456112
0.852892044342426,0.8534015025370245
0.8545002580117084,0.8546942048944555
0.8575188170608019,0.8571527547476971
