Accuracy,F1-Score
0.8417543859649124,0.779103964564872
0.8514619883040936,0.8030896992360839
0.8631286549707603,0.814468968810478
0.8470175438596492,0.7876772795808131
0.8572807017543861,0.8070314534904485
0.8517251461988306,0.7977200325244678
